ID,SUBS_ACTIVATION_DATE_KEY,REVENUE_TOTAL,REVENUE_VOICE,REVENUE_DATA,TRAFFIC_DATA,MARKET_KEY,MOU
1,12/2/2011 0:00,11.075,6.562,4.513,0.247,KHR,40.25
2,12/27/2012 0:00,1940.036,1090.42,1.402,0.077,KHR,445.882
3,11/21/2010 0:00,1127,631.242,0,0,PLT,333.233
4,2/15/2012 0:00,142.286,142.286,0,0,SUM,479
5,8/1/2006 0:00,473.233,169.661,44.643,0,PLT,131.884
6,6/13/2015 0:00,1294.849,835.027,0,0,KHM,165.851
8,8/13/2013 0:00,0,0,0,0,NIK,263.366
10,2/26/2013 0:00,279.286,279.286,0,0,DON,88.651
11,3/12/2012 0:00,1964.26,1403.277,535.982,11.381,DON,2263.033
12,10/7/2006 0:00,9.821,9.821,0,0,NIK,7.683
13,7/16/2011 0:00,2015.491,388.884,693.847,5389.407,KHR,659.384
14,1/11/2015 0:00,66.741,66.741,0,0,KHR,18.483
15,5/15/2015 0:00,594.946,0,594.946,69.132,KHR,1.233
17,8/17/2014 0:00,0,0,0,0,KHR,32.533
18,1/29/2007 0:00,448.902,448.902,0,0,CHG,75.583
19,7/20/2014 0:00,919.33,919.33,0,0,ODE,1101.817
20,6/28/2014 0:00,266.696,90.75,77.732,32.694,KHR,85.8
21,8/26/2015 0:00,1512.75,15.482,1430.303,79.417,KHR,3.65
23,9/5/2009 0:00,36.446,36.446,0,0,PLT,10.55
24,9/26/2009 0:00,2931.198,1123.608,604.019,70.188,CHG,689.266
25,7/14/2010 0:00,89.286,63.393,25.893,0,KHM,54.117
26,11/13/2013 0:00,0,0,0,0,KHR,0.65
27,8/18/2006 0:00,148.92,130.17,0,0,PLT,187.384
28,9/6/2006 0:00,3.214,3.214,0,0,ZKP,151.766
29,8/12/2006 0:00,291.795,291.795,0,0,ZKP,71.566
30,10/11/2006 0:00,106.697,81.697,0,0,ZKP,27.65
31,9/2/2006 0:00,653.357,646.107,0.107,0.178,ZKP,122.201
32,12/18/2006 0:00,641.198,99.696,525.431,476.276,ZKP,56.784
33,8/19/2015 0:00,1062.5,0,1062.5,54.749,KHR,0
34,12/27/2006 0:00,842.839,842.839,0,0,KHR,169.134
35,4/28/2007 0:00,1355.348,1103.312,191.036,10.602,KHR,237.167
36,5/7/2014 0:00,1068.812,6.223,0.089,3997.303,KHR,665.95
37,9/10/2013 0:00,213.366,213.366,0,0,CHG,67.233
38,8/5/2015 0:00,8.822,1.643,7.179,2063.019,ZKP,0.167
39,3/11/2014 0:00,613.08,437.545,0,0,NIK,460.651
40,9/19/2010 0:00,1393.251,265.125,397.376,0.496,CHG,487.266
41,4/7/2010 0:00,117.304,117.304,0,0,CHG,18.183
42,3/12/2010 0:00,672.865,603.026,0.196,0.011,KIR,269
43,12/24/2009 0:00,1412.456,1399.956,0,0,IVF,429.867
44,8/20/2015 0:00,336.628,156.429,180.2,9.948,KIR,23.167
45,10/15/2006 0:00,314.482,314.482,0,0,PLT,127.583
46,7/25/2015 0:00,1814.679,1802.679,0,0,DNE,223.267
47,2/6/2007 0:00,1323.821,635.428,526.786,206.952,KIR,205.733
49,10/18/2006 0:00,0,0,0,0,KIR,153.617
50,10/16/2006 0:00,2721.491,226.616,1165.411,7468.631,CHG,730.833
51,10/9/2006 0:00,550.459,111.205,0,0,PLT,111.716
52,1/5/2010 0:00,2126.652,1596.75,529.902,29.426,CHG,781.583
53,5/6/2014 0:00,1854.15,774.687,1079.463,390.886,KHR,228.566
54,2/10/2006 0:00,2413.76,1103.938,1225.894,146.772,ZKP,385.8
55,10/4/2006 0:00,375.446,0,0,0,KHR,0.5
56,11/17/2014 0:00,469.473,469.473,0,0,KHR,92.667
57,9/6/2011 0:00,70.536,70.536,0,0,ZKP,53.684
58,1/6/2014 0:00,1789.734,401.642,504.164,1768.215,DNE,951.317
59,4/1/2013 0:00,1171.83,253.973,883.929,1090.782,PLT,160.2
60,8/2/2006 0:00,664.759,600.473,0,0,KHR,151.45
61,12/29/2006 0:00,826.697,187.411,0,0,IVF,163.751
62,5/8/2015 0:00,0,0,0,0,KHR,347.6
63,9/19/2010 0:00,955.286,841.215,0,0,LVI,330.016
64,12/4/2006 0:00,906.338,754.552,103.572,98.437,KHR,218.8
65,7/19/2009 0:00,561.606,561.606,0,0,DON,452.717
66,10/31/2013 0:00,307.143,0,307.143,3.295,KHR,0
67,4/8/2014 0:00,428.438,428.438,0,0,ZPR,150.4
68,11/21/2011 0:00,497.982,497.982,0,0,KHR,49.066
69,6/11/2015 0:00,575.259,36.25,511.33,2412.093,ODE,487.05
70,12/21/2014 0:00,0,0,0,0,KHR,0.45
71,12/29/2012 0:00,1310.403,1310.403,0,0,IVF,836.466
72,8/5/2006 0:00,20.491,20.491,0,0,KIR,1.4
73,1/19/2007 0:00,711.117,711.117,0,0,KIR,271.151
74,6/16/2015 0:00,59.723,59.723,0,0,KIR,40.533
75,2/4/2014 0:00,1306.197,1118.697,0,0,CHG,228.567
76,12/18/2014 0:00,35.491,35.491,0,0,KHR,3.601
78,8/4/2011 0:00,283.411,282.143,1.268,0.07,KHR,13.517
79,3/3/2007 0:00,77.973,63.687,0,0,CHG,15.483
80,5/2/2010 0:00,990.804,990.804,0,0,CHG,86.9
81,4/3/2013 0:00,2359.991,2359.991,0,0,ZPR,641.166
82,5/30/2010 0:00,678.161,659.018,0,0,KHR,355
83,5/30/2013 0:00,722.58,506.902,114.393,6.353,DON,547.083
84,5/21/2015 0:00,515.28,428.214,50.566,2.78,CHG,141.601
85,10/20/2006 0:00,783.518,247.804,535.714,410.123,ZKP,268.2
86,12/27/2013 0:00,144.527,144.527,0,0,KHR,17.284
87,11/22/2014 0:00,0,0,0,0,KIR,4.067
88,8/22/2006 0:00,1680.26,1662.01,0,0,IVF,1101.317
89,3/18/2006 0:00,1634.793,384.794,0,1082.443,IVF,265.866
90,2/24/2013 0:00,224.794,224.794,0,0,KIR,53.617
91,5/30/2006 0:00,60.973,42.223,0,0,KHR,17.717
92,11/19/2013 0:00,1196.312,661.491,526.786,0,KHR,297.499
93,10/22/2006 0:00,409.625,409.625,0,0,PLT,216.616
94,6/24/2015 0:00,2136.554,2.625,0,16.919,CHG,345.484
96,4/16/2011 0:00,0,0,0,0,KIR,4.983
97,3/9/2014 0:00,15.241,15.241,0,0,KIR,122.183
98,10/20/2006 0:00,601.92,321.562,0,0,ZPR,235.3
99,11/30/2006 0:00,20.268,20.268,0,0,LVI,146.433
100,9/15/2013 0:00,927.251,517.5,5.286,15.293,DON,808.933
101,4/13/2014 0:00,0,0,0,0,ZKP,15.25
102,2/21/2015 0:00,3116.071,0,3116.071,1351.238,ZKP,0
104,12/17/2010 0:00,350.357,350.357,0,0,ODE,191.95
105,7/25/2015 0:00,0,0,0,0,ODE,0.35
106,8/1/2015 0:00,1427.457,942.635,484.822,375.67,ODE,770.483
107,11/27/2013 0:00,0,0,0,0,ODE,161.833
108,6/23/2015 0:00,178.572,150,0,0,ODE,180.483
109,12/16/2010 0:00,183.035,0,0,0,ODE,52.683
110,3/22/2013 0:00,613.527,390.312,0,0,ODE,422.7
111,11/5/2014 0:00,1032.232,80.036,648.625,4234.995,ODE,1355.933
112,2/18/2015 0:00,0,0,0,0,ODE,23.95
113,1/11/2015 0:00,191.161,108.045,83.116,668.549,ODE,14.45
115,5/18/2011 0:00,3.214,3.214,0,0,ODE,33.934
116,11/2/2014 0:00,518.919,518.616,0.304,0.017,ODE,696.733
117,7/19/2014 0:00,582.947,165.804,0,0,ODE,27.533
118,3/27/2011 0:00,538.955,538.955,0,0,ODE,432.667
119,10/14/2014 0:00,17.678,17.678,0,0,ODE,47.116
120,12/25/2014 0:00,0,0,0,0,ODE,115.634
121,5/1/2011 0:00,543.928,531.428,0,0,ZPR,222.483
122,3/13/2015 0:00,972.464,328.928,526.786,126.808,ZPR,146.6
123,5/1/2015 0:00,108.357,46.75,61.607,0,ZPR,703.251
124,5/3/2011 0:00,1229.795,64.955,59.197,6585.005,ZPR,516.15
125,2/10/2015 0:00,0,0,0,5305.638,ZPR,0
126,2/8/2015 0:00,0,0,0,0,ZPR,42.4
127,3/5/2015 0:00,530.044,440.759,0,0,ZPR,362.851
128,4/5/2011 0:00,263.884,263.884,0,0,ZKP,144.817
129,6/10/2011 0:00,625.062,263.455,0,0,ZKP,130.1
131,2/5/2012 0:00,0,0,0,0,KHM,7.55
132,12/9/2014 0:00,276.232,49.902,226.33,525.853,KHR,21.05
133,2/23/2014 0:00,164.465,100.179,0,0,NIK,18.833
134,2/23/2014 0:00,434.339,427.143,0.054,0.003,NIK,83.799
135,8/12/2014 0:00,583.303,107.411,246.428,345.787,ZPR,500.499
136,4/2/2010 0:00,818.669,818.669,0,0,PLT,282.65
137,12/15/2014 0:00,52.072,0,52.072,2.889,KHR,0
138,2/11/2015 0:00,841.125,594.697,246.428,201.279,ZKP,331.184
139,11/6/2010 0:00,212.464,212.464,0,0,ZKP,32.367
140,3/27/2014 0:00,1202.25,1197.116,0,0,ZKP,111.8
141,2/5/2014 0:00,493.571,493.571,0,0,PLT,753.85
142,8/4/2010 0:00,2975.903,1314.214,224.635,12.463,PLT,96.95
143,12/25/2006 0:00,2544.107,2501.84,0.018,0.001,CHG,414.567
144,8/6/2010 0:00,2289.25,2289.25,0,0,PLT,870.649
145,2/23/2013 0:00,15.625,15.625,0,0,CHG,1.083
146,8/10/2010 0:00,298.044,290.901,0,0,KHR,149.934
147,9/12/2014 0:00,311.429,311.429,0,0,DON,86.484
148,3/28/2014 0:00,0,0,0,0,DON,81.3
149,8/7/2013 0:00,2446.885,2434.885,0,0,SUM,1095.567
150,12/1/2014 0:00,0,0,0,0,KHR,18.25
151,9/28/2014 0:00,1408.306,77.947,0,0,ODE,829.35
152,3/9/2014 0:00,0,0,0,4240.679,PLT,0
153,4/16/2013 0:00,706.206,52.634,0,0,ODE,592.966
154,8/17/2011 0:00,55.312,55.312,0,0,ODE,28.017
155,8/4/2006 0:00,663.329,663.329,0,0,KHR,84.233
156,8/6/2010 0:00,1087.371,0,6.621,1106.995,CHG,27.866
157,5/13/2014 0:00,0,0,0,0,PLT,10.967
158,8/15/2013 0:00,750.848,136.205,267.322,14.844,PLT,52.233
159,8/14/2015 0:00,2964.885,1921.946,505.938,247.94,ZPR,114.133
160,6/7/2012 0:00,432.938,196.767,48.67,2.702,DNE,61.466
162,6/2/2011 0:00,683.379,315.402,111.727,107.329,ZPR,259.983
163,8/17/2011 0:00,92.946,92.946,0,0,ZPR,180.799
164,7/15/2015 0:00,0,0,0,0,ZPR,52.617
165,10/9/2014 0:00,957.99,194.598,0,0,ZPR,66.399
166,11/8/2014 0:00,285.937,285.937,0,0,ZPR,810.233
167,10/5/2014 0:00,0.036,0,0.036,0.002,ZPR,49.3
168,7/7/2011 0:00,1034.331,1028.081,0,0,ZPR,358.4
169,7/29/2011 0:00,0,0,0,0,ZPR,21.333
170,8/14/2011 0:00,487.09,144.804,0,0,ZKP,189.95
171,8/15/2014 0:00,165.991,134.741,0,0,ODE,834.799
172,3/20/2014 0:00,177.455,8.705,0,0,ODE,0.733
173,8/18/2013 0:00,241.098,233.572,7.527,0.418,ODE,84.467
174,8/17/2012 0:00,735.267,735.267,0,0,ZPR,467.583
175,5/10/2015 0:00,208.125,208.125,0,0,ZPR,151.8
176,7/10/2014 0:00,124.697,124.697,0,0,CHG,65.249
177,5/29/2015 0:00,178.527,178.527,0,0,CHG,20.167
178,7/14/2012 0:00,8.036,8.036,0,0,CHG,81.8
179,8/14/2006 0:00,873.59,126.027,714.134,39.562,ODE,1659.883
180,8/25/2006 0:00,319.107,247.929,54.214,3.008,CHG,116.534
181,9/10/2014 0:00,397.321,40.179,0,0,CHG,2.5
182,5/31/2006 0:00,444.295,375.545,0,0,PLT,129.8
183,10/21/2006 0:00,1047.151,496.258,526.786,139.947,CHG,153.45
184,6/16/2015 0:00,312.5,0,0,0,CHG,375.5
185,9/4/2010 0:00,1163.26,248.715,800.259,127.14,CHG,298.1
186,7/5/2013 0:00,947.492,196.598,750.894,4.423,KHM,138.05
187,6/2/2015 0:00,218.902,218.902,0,0,KHM,20.2
188,11/4/2006 0:00,1165.561,1017.847,0,0,CHG,539.3
189,7/13/2015 0:00,1824.081,1624.581,0,0,CHG,168.183
190,7/22/2015 0:00,1320.785,241.133,868.044,4170.156,KHR,78.467
191,7/24/2014 0:00,295.447,137.411,104.464,0,ZPR,159.134
192,10/7/2006 0:00,3028.018,1940.554,0.964,88.64,KIR,1050.184
193,10/16/2006 0:00,453.705,453.705,0,0,KHM,200.834
194,7/13/2006 0:00,730.714,730.714,0,0,ZPR,528.85
195,2/6/2015 0:00,755.671,186.027,569.644,159.946,KHR,82.918
196,9/10/2009 0:00,118.527,118.527,0,0,ODE,110.067
197,8/30/2014 0:00,2671.984,93.411,1170.535,0,SUM,110.55
198,6/11/2010 0:00,281.081,124.83,156.25,0,KHR,76.834
199,6/24/2015 0:00,953.821,560.964,0,0,KHR,77.784
201,10/18/2006 0:00,526.705,519.562,0,0,SUM,419.133
202,1/4/2013 0:00,156.911,144.911,0,0,ODE,202.417
203,2/9/2012 0:00,528.631,528.631,0,0,KIR,521.85
204,1/6/2007 0:00,439.375,431.339,0,0,KHR,86.883
205,2/4/2010 0:00,364.725,142.411,222.315,14.79,ZKP,308.867
206,12/20/2010 0:00,1351.651,40.223,248.928,7780.111,ZPR,1931.967
207,3/4/2007 0:00,756.616,262.865,0,0.055,KHR,66.05
208,2/17/2007 0:00,268.464,268.464,0,0,KHR,87.649
209,6/21/2015 0:00,463.456,445.393,15.831,1.305,KHM,225.267
210,7/28/2006 0:00,29.464,0,0,0,KHR,24.15
211,10/21/2013 0:00,0,0,0,0,KIR,25.85
213,5/12/2013 0:00,1412.099,1406.742,5.357,0.297,KIR,504.2
214,5/21/2015 0:00,398.018,385.742,0,0,PLT,104.25
215,10/5/2006 0:00,329.839,323.589,0,0,ZKP,1099.351
216,8/15/2011 0:00,288.92,288.92,0,0,DON,122.883
217,8/25/2011 0:00,1699.438,206.491,784.019,55.119,DON,674.883
218,8/5/2011 0:00,336.759,336.759,0,0,DON,242.484
219,10/7/2011 0:00,425.804,400.804,0,0,DON,615.05
220,9/16/2014 0:00,884.911,635.804,0,0,KIR,120.533
222,9/13/2013 0:00,1815.179,492.857,0,299.808,KIR,924.183
224,1/18/2014 0:00,1.196,1.196,0,0,ZKP,2.15
225,12/14/2012 0:00,510.956,440.965,27.134,1.484,ZKP,229.383
226,12/30/2009 0:00,1002.572,961.215,0,20.116,ZKP,412.133
227,12/13/2014 0:00,148.241,35.741,69.643,1.288,ZKP,9.583
228,10/7/2011 0:00,387.036,217.607,0,0,ZKP,147.833
229,2/19/2007 0:00,256.866,115.794,133.929,0.022,ZKP,170.383
230,7/17/2011 0:00,236.607,0,0,0,NIK,15.416
231,2/25/2010 0:00,484.902,327.991,128.339,7.122,ZKP,509.767
232,6/1/2014 0:00,531.759,531.759,0,0,PLT,326.701
233,9/12/2011 0:00,0,0,0,0,KHR,216.916
234,8/12/2013 0:00,922.539,29.196,855.842,483.318,DON,387.366
235,4/19/2015 0:00,178.518,178.518,0,0,DON,308.351
236,9/21/2014 0:00,448.83,152.063,140.518,338.817,KIR,462.517
237,4/30/2014 0:00,380.366,55.366,0,0,KIR,19.05
238,9/24/2013 0:00,616.402,589.446,1.955,0.108,PLT,246.733
239,5/28/2011 0:00,1534.87,792.188,318.261,17.631,PLT,462.016
240,8/8/2010 0:00,607.965,324.822,0,0,PLT,395.633
241,10/23/2013 0:00,87.215,4.527,82.688,10.415,SUM,27.233
243,9/19/2013 0:00,462.723,268.973,0,0,IVF,180.167
244,2/10/2006 0:00,546.338,533.838,0,0,IVF,93.899
245,2/10/2006 0:00,147.794,123.687,0,0,IVF,108.551
246,6/12/2015 0:00,0,0,0,0,DON,131.367
249,12/7/2014 0:00,2433.63,741.08,2.366,0.131,CHG,719.517
250,5/4/2015 0:00,540.366,540.366,0,0,PLT,216.833
251,4/24/2015 0:00,112.536,105.393,0,0,PLT,69.501
252,6/19/2011 0:00,0,0,0,0,PLT,38.833
253,2/8/2012 0:00,0,0,0,0,ODE,420.317
255,6/12/2011 0:00,308.125,255.438,52.688,2.924,ODE,91.468
256,5/16/2011 0:00,0,0,0,0,ODE,152.5
257,5/6/2011 0:00,688.999,672.928,0,0,ODE,331.083
259,10/20/2006 0:00,1499.5,1462.5,0,0,PLT,353
260,5/26/2013 0:00,123.473,121.572,1.902,0.105,KHM,36.6
261,8/25/2006 0:00,824.643,297.857,0,0,KHR,71.45
262,11/16/2014 0:00,353.018,352.946,0.072,0.004,ODE,1767.967
263,2/28/2015 0:00,140.241,140.241,0,0,PLT,106.134
266,4/22/2013 0:00,0,0,0,0,KHR,3.317
267,12/26/2014 0:00,199.41,0,199.41,25.14,DON,0
268,6/26/2010 0:00,1606.705,352.143,4.563,35.304,KHR,1124.05
269,1/20/2011 0:00,3188.421,779.027,1879.25,3029.691,DON,52.45
270,8/7/2013 0:00,0,0,0,0,DON,54.584
271,8/8/2011 0:00,138.714,138.714,0,0,PLT,110.217
272,6/26/2011 0:00,656.741,328.884,0,0,DNE,122.267
273,1/21/2011 0:00,1106.115,1106.115,0,0,ZPR,548.767
275,11/18/2011 0:00,349.107,0,0,0,CHG,0
276,2/21/2011 0:00,247.786,110.857,136.929,7.603,IVF,296.1
277,7/27/2013 0:00,168.848,34.92,133.929,0.465,KIR,294
278,10/9/2006 0:00,931.027,931.027,0,0,KHR,131.767
279,1/26/2007 0:00,540.723,540.723,0,0,KIR,134.999
280,7/28/2015 0:00,281.491,15.705,265.786,14.756,KHR,7.2
281,2/14/2010 0:00,1225.768,1217.732,0,0,ODE,314.25
282,11/6/2013 0:00,483.955,477.705,0,0,SUM,224.833
283,10/30/2013 0:00,0,0,0,0,KHR,38.967
284,3/10/2010 0:00,91.338,91.338,0,0,KHR,0
285,8/15/2015 0:00,147.072,147.072,0,0,KHR,554.699
286,4/2/2014 0:00,0,0,0,0,KHR,14.35
287,1/14/2014 0:00,178.661,178.661,0,0,KHR,15.617
288,11/26/2011 0:00,223.821,223.821,0,0,LVI,58.267
290,1/18/2012 0:00,3695.019,1528.232,521.75,40.83,NIK,583.233
291,7/25/2011 0:00,2123.875,956.911,1160.714,1123.321,KHM,306.117
292,8/3/2010 0:00,923.723,39.795,0,684.16,NIK,1017.75
293,12/8/2010 0:00,1313.883,1276.249,5.491,0.305,CHG,586.917
294,3/2/2009 0:00,725.562,76.562,0,131.696,IVF,634.834
295,10/16/2006 0:00,1710.839,1152.597,534.135,29.647,KHM,408.166
296,1/12/2013 0:00,484.213,17.25,466.963,1497.277,KHR,108.017
297,4/20/2015 0:00,0,0,0,0,KHR,5.45
298,6/28/2015 0:00,1062.616,990.687,23.715,1.357,KHR,288.45
299,7/30/2015 0:00,1228.911,1218.108,0.089,0.005,KHR,357.933
300,11/23/2011 0:00,3269.33,2846.116,0,0,ZPR,454.317
301,5/28/2015 0:00,1642.678,1458.75,0,0,ZPR,274.734
302,4/5/2012 0:00,627.125,569.196,0,0,ZPR,244.666
303,12/11/2014 0:00,1693.107,692.849,256.509,902.674,SUM,503.3
305,12/14/2011 0:00,227.571,227.571,0,0,KIR,100.25
306,5/5/2014 0:00,0,0,0,0,KIR,5.917
307,5/11/2015 0:00,18.75,0,0,0,ODE,129.083
308,5/13/2015 0:00,285.536,285.536,0,0,KHR,43.567
309,2/26/2011 0:00,2655.625,1212.973,332.437,5304.637,CHG,939.466
310,12/14/2009 0:00,2233.642,2185.357,48.286,2.675,NIK,538.917
311,4/23/2014 0:00,1507.34,1036.553,276.679,123.692,PLT,345.634
312,7/30/2015 0:00,5904.866,815.58,0,12834.957,ZPR,212.051
313,7/22/2006 0:00,680.472,386.668,0.554,0.03,ZKP,277.434
314,6/3/2013 0:00,302.58,290.58,0,0,NIK,2887.349
315,8/11/2014 0:00,1383.259,477.304,22.027,28.351,ODE,131.7
316,8/20/2014 0:00,431.25,0,431.25,0,ODE,0
317,9/20/2011 0:00,710.625,710.625,0,0,ODE,569.133
318,5/28/2014 0:00,124.375,124.375,0,0,ODE,186.333
319,12/1/2014 0:00,0,0,0,0,ODE,6.366
320,2/12/2015 0:00,1441.643,437.286,0,0,ZKP,449.317
321,10/15/2006 0:00,0,0,0,0,CHG,63.55
322,4/2/2011 0:00,0,0,0,0,KHR,29.35
323,5/22/2006 0:00,681.733,681.733,0,0,CHG,248.949
325,6/24/2015 0:00,321.698,93.348,121.207,6.727,KHR,28.633
326,8/25/2014 0:00,0,0,0,0,ODE,197
327,6/16/2015 0:00,1172.26,755.295,0,0,SUM,170.567
328,11/4/2011 0:00,1344.652,1320.152,0,0,IVF,285.3
329,6/9/2014 0:00,0,0,0,0,ODE,425.1
330,10/21/2011 0:00,724.956,724.956,0,0,ODE,2245.316
331,9/17/2013 0:00,0,0,0,0,NIK,154.867
332,4/3/2014 0:00,30.848,30.848,0,0,CHG,51.75
333,2/10/2006 0:00,176.206,83.348,0,862.051,SUM,79.283
334,2/10/2006 0:00,1273.421,548.419,725.001,3.076,NIK,252.267
335,7/13/2015 0:00,0,0,0,40.757,PLT,0
336,10/21/2006 0:00,203.527,182.098,0,0,ODE,492.133
337,8/19/2014 0:00,0,0,0,6149.704,SUM,0
338,1/8/2015 0:00,262.072,33.214,222.608,1258.159,ZPR,83.934
339,8/19/2011 0:00,1740.535,1355.723,3.384,0.264,KHR,549.1
340,11/28/2014 0:00,335.983,173.804,162.179,9.004,CHG,68.35
341,10/26/2014 0:00,1237.115,111.223,0,0,CHG,376.884
342,5/17/2015 0:00,142.982,142.982,0,0,PLT,127.7
343,1/9/2012 0:00,111.429,111.429,0,0,ZPR,63.584
344,3/30/2015 0:00,444.107,411.964,0,0,KIR,164.266
345,1/15/2012 0:00,1327.77,496.518,802.68,0,ODE,611.517
346,3/10/2010 0:00,191.071,191.071,0,0,NIK,119.783
347,8/3/2015 0:00,767.786,755.848,1.223,0.067,ODE,499.75
348,10/27/2006 0:00,542.357,523.214,0,0,KHR,174.816
349,12/7/2012 0:00,1210.331,467.339,624.241,38.761,ZKP,925.15
350,1/29/2013 0:00,1083.018,862.518,0,0,DON,1812.584
351,7/6/2015 0:00,848.232,775.839,0.072,0.004,KHR,171.633
352,6/13/2011 0:00,3.545,3.545,0,0,KHR,0.9
353,2/23/2012 0:00,178.634,125.955,0,0,NIK,301.566
354,10/17/2014 0:00,1608.099,103.634,1022.321,1531.173,ODE,442.167
355,5/22/2013 0:00,106.4,0,106.4,9.056,PLT,0
356,4/20/2012 0:00,0,0,0,0,NIK,255.617
357,9/10/2013 0:00,8.572,8.572,0,0,ZPR,22.617
358,4/11/2015 0:00,8446.94,2460.82,0,0,DON,868.283
359,8/22/2013 0:00,489.67,444.134,0,0,ZPR,178.7
360,1/23/2014 0:00,40.65,0,40.65,3.588,DNE,0
361,4/8/2014 0:00,2125.972,810.794,0,0,IVF,327.099
362,6/30/2015 0:00,106166.82,0,106166.82,26869.049,DON,0
363,5/3/2012 0:00,0,0,0,0,DON,55.75
364,7/25/2012 0:00,526.786,0,526.786,215.389,IVF,0
365,4/16/2012 0:00,356.25,34.821,0,0,ZPR,7.784
366,11/26/2014 0:00,1001.6,800.707,0,0,DON,312.717
367,4/1/2014 0:00,5078.37,3600.71,892.86,298.844,KHR,821.8
368,1/29/2015 0:00,622.224,5.625,616.599,80.577,LVI,473.617
369,1/14/2013 0:00,0,0,0,0,DNE,0.717
370,8/13/2012 0:00,177.66,0,177.66,8.967,LVI,0
371,8/3/2015 0:00,1939.759,1787.831,0.143,0.008,ZPR,283.701
372,3/28/2013 0:00,0,0,0,0,SUM,387.616
373,12/7/2014 0:00,70.33,47.741,11.875,1.329,ZKP,18.6
374,3/17/2012 0:00,983.215,301.072,0,0,ODE,406.832
375,7/14/2014 0:00,0,0,0,0,ODE,1.783
376,1/8/2014 0:00,622.599,15.67,281.537,776.415,ODE,1875.283
377,3/31/2014 0:00,237.25,133.75,82.072,4.558,ODE,235.383
378,8/6/2015 0:00,199.822,92.679,0,0,ODE,210.834
379,6/17/2014 0:00,836.848,822.562,0,0,ODE,784.516
380,5/14/2015 0:00,1146.991,1134.991,0,0,ODE,1403.183
381,1/15/2012 0:00,1907.135,1398.706,0,0,DON,370.867
382,9/16/2013 0:00,0,0,0,0,DON,124.083
383,2/17/2012 0:00,2130.125,1590.625,527.5,28.044,DON,657.25
385,4/8/2014 0:00,805.714,66.429,739.285,2049.167,DON,531.35
386,1/21/2012 0:00,509.688,509.688,0,0,DON,143.984
387,10/28/2014 0:00,446.206,446.206,0,0,DON,334.967
388,7/12/2015 0:00,0,0,0,0,DON,106.383
390,4/10/2015 0:00,944.405,118.107,243.26,13.493,ZKP,528.483
391,2/17/2012 0:00,888.742,888.742,0,0,ZKP,1606.5
393,4/25/2012 0:00,887.276,887.276,0,0,ZPR,318.634
394,7/30/2012 0:00,18.74,0,18.74,1.666,PLT,0
395,7/14/2014 0:00,1.071,1.071,0,0,KIR,1156.617
396,4/9/2015 0:00,1225.623,57.161,1091.891,6664.61,KIR,705.999
397,4/11/2015 0:00,234.964,234.964,0,0,ZKP,26.466
398,12/28/2013 0:00,396.5,381.822,0.393,0.021,ZKP,289.667
399,10/19/2011 0:00,1526.902,836.723,677.678,639.889,SUM,609.45
400,8/25/2015 0:00,0,0,0,17.237,KIR,0
401,4/15/2014 0:00,44.143,44.143,0,0,NIK,171.267
402,7/10/2012 0:00,441.339,399.375,0,0,ZPR,454.9
403,4/28/2012 0:00,0,0,0,0,NIK,109.316
404,10/14/2014 0:00,12.5,0,0,0,ODE,145.733
405,3/13/2012 0:00,509.197,302.054,207.143,151.336,ODE,504.932
406,8/30/2015 0:00,0.446,0,0.446,0.024,DON,0
407,4/18/2015 0:00,473.241,32.089,348.295,284.789,ODE,66.4
408,6/17/2015 0:00,546.866,459.366,0,0,DON,295.384
409,5/31/2015 0:00,99.67,73.125,14.545,0.812,DON,73.117
410,2/10/2015 0:00,1814.01,686.329,802.68,261.73,KIR,261.033
411,8/22/2012 0:00,380.446,374.196,0,0,ZPR,182.55
412,7/4/2012 0:00,15.536,15.536,0,0,ZPR,93.85
413,12/17/2014 0:00,357.527,190.357,71.17,3.946,DON,55.983
415,7/28/2012 0:00,810.206,715.224,88.732,5.381,DON,228.983
417,1/23/2012 0:00,127.48,73.93,0,0,KHR,78.466
418,11/30/2011 0:00,1926.546,734.786,93.545,24.001,SUM,337.566
419,3/12/2015 0:00,0,0,0,0,ODE,1038.717
420,6/13/2015 0:00,1264.481,948.41,0,0,KIR,539.051
421,5/30/2015 0:00,1199.714,675,496.143,82.718,ODE,726.733
423,9/16/2012 0:00,113.455,23.973,0.197,0.011,ODE,21.866
424,2/3/2015 0:00,662.277,662.277,0,0,ODE,1358.533
425,6/20/2015 0:00,288.795,53.973,0,0,ODE,694.084
426,5/28/2012 0:00,1069.607,0,7.107,4136.871,ODE,51.084
427,11/1/2012 0:00,115.768,72.911,0,0,ODE,50.233
428,2/14/2015 0:00,1777.491,8.036,1089.098,3585.587,LVI,173.966
430,5/14/2015 0:00,268.393,21.964,246.428,32.157,ODE,268.667
431,8/15/2015 0:00,206.116,206.116,0,0,ODE,189.05
432,9/9/2012 0:00,1998.288,1298.108,621.43,82.533,CHG,664.9
433,8/7/2012 0:00,117.455,117.455,0,0,IVF,140.4
434,3/30/2013 0:00,48.116,48.116,0,0,IVF,5.834
435,11/27/2012 0:00,1170.527,91.178,7.241,3740.416,DNE,123.101
436,1/14/2015 0:00,567.125,543.125,0,0,DNE,107.267
437,5/20/2015 0:00,177.714,96.071,69.643,20.421,ODE,200.233
438,12/1/2014 0:00,0,0,0,0,ODE,45.217
439,7/30/2015 0:00,3376.724,2689.224,466.072,445.913,ODE,450.449
440,9/10/2012 0:00,541.26,428.545,63.715,3.537,ODE,595.15
442,1/13/2015 0:00,394.313,339.063,0,0,DON,2032.916
443,6/26/2015 0:00,3373.483,2662.875,667.751,37.671,DON,194.384
444,3/30/2015 0:00,967.803,150.447,661.607,614.336,DON,344.382
445,4/15/2015 0:00,1735.715,1515.893,0.179,0.01,DON,1303.616
446,12/31/2012 0:00,1824.009,1780.759,0,0,DON,747.017
447,9/25/2012 0:00,312.5,0,312.5,15.369,IVF,0
449,6/9/2015 0:00,0,0,0,0,ODE,65.917
450,10/18/2012 0:00,231.581,62.83,0,0,ODE,53.733
451,5/28/2015 0:00,340.214,328.214,0,0,ODE,42.766
452,6/13/2015 0:00,1794.643,1704.732,5.089,0.659,ODE,129.817
453,6/7/2011 0:00,1198.223,1129.366,0.107,0.006,KHR,644.734
454,7/13/2015 0:00,0.009,0,0.009,0.002,KHR,1.117
455,2/27/2012 0:00,446.339,440.089,0,0,KHR,253.649
456,6/23/2011 0:00,429.911,429.911,0,0,KHR,67.75
457,8/10/2015 0:00,178.464,44.536,0,0,KHR,93.433
458,6/26/2011 0:00,0,0,0,0,KHR,25.767
459,6/24/2011 0:00,382.429,364.179,0,0,KHR,906.45
460,12/12/2011 0:00,0,0,0,0,SUM,30.6
461,12/30/2014 0:00,0,0,0,0,SUM,2.167
462,10/14/2011 0:00,799.491,762.491,0,0,ZKP,280.866
463,12/31/2011 0:00,151.759,151.759,0,0,ZKP,41.799
464,6/18/2014 0:00,334.196,43.036,237.589,11.261,ZKP,73.516
465,12/4/2014 0:00,406.813,363.956,0,0,CHG,316.916
466,6/30/2015 0:00,2088.312,827.598,0,0,CHG,752.666
467,7/9/2012 0:00,464.589,452.589,0,0,CHG,318.367
468,1/12/2012 0:00,1801.991,476.991,1232.142,1219.765,KHR,238.067
469,2/1/2012 0:00,466.866,466.866,0,0,KHR,248.883
470,4/1/2012 0:00,0,0,0,0,KHR,13.516
473,8/12/2015 0:00,432.009,421.035,10.974,0.607,KHR,97.05
474,11/4/2011 0:00,0,0,0,0,KHR,20.434
475,8/19/2015 0:00,995.652,947.937,0,0,KHR,214.984
476,12/11/2011 0:00,68.938,68.938,0,0,KHR,48.133
477,10/29/2011 0:00,307.322,307.322,0,0,KHR,92.917
478,10/20/2011 0:00,1725.875,756.179,0.054,0.003,KHR,430.45
479,12/31/2011 0:00,420.33,360.33,0,0.012,KHR,317.233
480,8/16/2015 0:00,4227.642,2130.321,1022.321,520.856,KHR,245.05
481,9/13/2012 0:00,0,0,0,0,KHR,3.9
482,1/19/2012 0:00,147.339,135.339,0,0,KHR,46.666
483,12/31/2011 0:00,442.295,418.277,0.018,0.022,KHR,108.667
484,12/28/2013 0:00,223.125,194.553,0,0,ZKP,85.101
485,12/24/2013 0:00,609.045,609.045,0,0,ZKP,389.733
486,2/6/2015 0:00,2226.481,689.116,1524.865,84.533,SUM,1008.15
487,3/7/2014 0:00,161.866,161.866,0,0,PLT,23.267
488,1/31/2013 0:00,710.875,661.875,0,0,KHR,145.182
489,12/23/2012 0:00,199.33,198.884,0.446,0.024,KHR,154.333
491,7/9/2015 0:00,95.089,25.134,1.696,0.093,ODE,6.834
493,11/9/2013 0:00,267.86,0,267.86,0,KHR,0
494,5/7/2014 0:00,1349.731,1155.981,0,0,SUM,511.8
495,6/8/2015 0:00,770.571,661.741,101.688,5.646,ODE,558.45
496,9/21/2012 0:00,366.786,226.607,133.929,0,ZPR,130.067
497,10/7/2012 0:00,891.204,337.633,0,0,ZPR,103.733
498,3/2/2014 0:00,268.107,0,0.25,0.014,DNE,0
499,7/19/2015 0:00,7.188,0,7.188,15.502,KIR,0
500,10/20/2012 0:00,0.223,0.223,0,0,ZKP,7.767
501,10/24/2012 0:00,190.625,190.625,0,0,CHG,14.233
502,12/23/2012 0:00,1882.858,310.715,1572.143,2545.594,CHG,24.967
504,12/2/2012 0:00,1428.43,249.447,0.411,0.022,SUM,597.867
505,9/13/2012 0:00,494.607,477.643,0,0,CHG,73.799
506,9/4/2012 0:00,423.116,133.812,289.303,324.398,CHG,24.817
508,11/7/2011 0:00,208.411,208.411,0,0,KHR,52.4
509,5/23/2014 0:00,565.51,0,565.51,48.002,ZKP,0
510,3/13/2012 0:00,1707.304,120.804,0,138.012,KHM,1298.55
511,10/6/2014 0:00,494.42,465.848,0,0,ODE,391.116
512,6/20/2013 0:00,2203.268,305.536,706.715,6161.215,DON,2076.15
513,9/20/2012 0:00,740.269,740.269,0,0,DON,380.6
514,7/22/2015 0:00,991.094,393.375,521.147,35.876,ODE,694.467
516,12/3/2012 0:00,2096.804,1590.161,0,0,KHM,826.517
517,7/26/2013 0:00,587.894,79.956,265.081,1301.215,ZPR,49.033
519,9/20/2014 0:00,297.981,22.116,163.365,35.787,DNE,18.517
520,8/14/2014 0:00,305.634,35.857,1.92,754.8,DNE,379.866
521,10/24/2014 0:00,3204.41,3204.41,0,0,DNE,361.666
522,5/27/2014 0:00,213.17,43.527,0,0,ZPR,15.317
524,1/29/2014 0:00,0,0,0,0,ODE,0.167
525,1/29/2014 0:00,1125.74,560.562,0,0,KIR,623.05
526,8/13/2015 0:00,178.571,175.643,2.929,1.077,ODE,232.15
527,3/26/2015 0:00,886.464,57.223,0,0,ODE,630.801
530,7/18/2015 0:00,625.991,625.777,0.214,4.126,ODE,45.083
531,6/16/2015 0:00,369.42,369.42,0,0,ODE,410.299
532,7/14/2015 0:00,473.34,30.804,442.536,457.192,ODE,205.233
533,6/27/2015 0:00,474.509,253.982,220.527,142.754,ODE,158.766
534,8/5/2015 0:00,714.241,701.741,0,0,ODE,291.633
535,8/8/2015 0:00,44.464,44.464,0,0,ODE,3.817
536,7/26/2015 0:00,203.795,203.795,0,0,ODE,216.384
537,8/31/2015 0:00,9.339,4.911,4.428,1.609,ODE,0.85
538,8/26/2015 0:00,7.143,0,0,0,ODE,34.366
539,7/11/2015 0:00,312.455,312.455,0,0,ODE,135.716
540,3/17/2015 0:00,579.365,561.115,0,0,ODE,1545
541,3/11/2015 0:00,826.081,818.652,0.286,0.036,ODE,524.167
542,7/30/2015 0:00,146.4,0,146.4,8.258,ZPR,0
543,1/30/2015 0:00,235.624,235.624,0,0,DNE,130.517
545,3/8/2015 0:00,100,38.303,61.696,499.791,ODE,128.6
546,2/23/2015 0:00,0,0,0,0,ODE,0
547,5/15/2014 0:00,5936.857,2195.716,1601.785,2955.624,DON,970.45
548,1/22/2014 0:00,889.428,637.768,18.902,1.05,DON,313.683
550,12/29/2014 0:00,449.152,339.33,0,0,ODE,1281.5
551,11/2/2014 0:00,152.437,138.839,1.098,0.061,DNE,61.2
552,9/24/2014 0:00,320.893,285.178,0,0,ODE,157.45
553,11/2/2014 0:00,781.518,781.518,0,0,ODE,792.9
554,1/11/2014 0:00,512.937,444.687,0,0,ODE,508.25
555,4/8/2014 0:00,0,0,0,0,KIR,31.533
556,1/12/2015 0:00,0.2,0,0,0,KHR,0
557,7/23/2014 0:00,130.12,0,130.12,11.553,DNE,0
558,7/12/2014 0:00,0,0,0,0,KHR,2.183
559,12/9/2011 0:00,155.877,120.795,35.083,1.946,KHR,964.516
560,11/19/2013 0:00,822.598,814.34,0,0,KHR,197.734
561,12/20/2011 0:00,693.071,693.071,0,0,KHR,154.5
562,10/5/2011 0:00,75.92,0.134,51.786,0,KHR,1.084
563,8/2/2011 0:00,1069.643,0,0,918.938,KHR,204.9
564,1/29/2013 0:00,542.53,462.71,0,0,KHR,46.75
565,4/29/2013 0:00,1192.446,1192.446,0,0,ZPR,648.283
566,5/10/2012 0:00,835.19,809.21,0,0,KHR,499.9
567,1/28/2014 0:00,1931.788,775.75,1143.538,453.473,ZPR,285.749
568,6/3/2014 0:00,687.508,125.205,554.491,662.584,ODE,121.316
569,6/3/2013 0:00,1590.44,697.58,0,0,KHR,523.317
570,10/27/2011 0:00,2154.139,1365.687,539.346,602.333,KHR,702.617
571,8/1/2015 0:00,357.15,0,357.15,69.99,KHR,0
572,8/18/2013 0:00,930.669,930.669,0,0,ZPR,305.917
573,8/14/2013 0:00,525.481,525.267,0.214,0.012,ZPR,1125.983
574,6/17/2013 0:00,663.901,663.883,0.018,0.001,ZPR,387.434
575,10/2/2014 0:00,812.187,799.687,0,0,ZPR,378.083
576,5/25/2013 0:00,561.696,561.696,0,0,ODE,986.883
577,8/29/2015 0:00,10.179,10.179,0,0,ODE,3.4
578,5/22/2013 0:00,722.046,617.188,0,0,ODE,471.566
579,3/15/2012 0:00,1100.035,1050.58,18.205,1.006,ZKP,961.934
580,1/18/2012 0:00,1767.903,927.724,621.43,1.311,ZPR,625.084
581,6/5/2012 0:00,426.134,366.322,6.241,0.346,KIR,459.9
582,4/19/2012 0:00,129.429,123.179,0,0,KIR,179.033
584,2/21/2015 0:00,0,0,0,0,ZPR,309.234
585,7/16/2013 0:00,543.438,543.438,0,0,ODE,189.933
586,7/14/2013 0:00,19.464,19.464,0,93.688,ODE,194.65
587,7/18/2013 0:00,439.812,406.384,0,0,ODE,227.933
589,7/10/2013 0:00,1529.598,707.947,800.892,6.786,DON,550.532
590,7/31/2013 0:00,0,0,0,13159.05,DON,0
591,6/21/2012 0:00,849.036,357.464,491.572,27.286,NIK,1119.8
592,10/11/2013 0:00,65.446,56.071,0,0,DNE,7.267
594,10/15/2013 0:00,241.088,234.82,0.018,0.001,DNE,244.583
595,4/2/2015 0:00,713.079,132.723,0,0,ZPR,74.067
596,9/26/2014 0:00,650.875,445.625,0,0,KHR,56.3
597,9/5/2013 0:00,69.821,0,69.821,31.923,KHM,0.267
598,10/11/2013 0:00,402.884,277.884,0,0,KHM,190.333
599,5/26/2015 0:00,687.187,687.187,0,0,ODE,151.466
600,8/15/2013 0:00,418.375,380.089,0,0,ODE,818.15
601,12/10/2013 0:00,544.206,544.206,0,0,ODE,2144.117
602,3/3/2015 0:00,577.973,577.973,0,0,ODE,39.817
604,10/10/2013 0:00,1028.66,33.348,800.892,664.004,ODE,672.816
605,9/10/2012 0:00,1046.607,482.822,526.786,480.947,DON,182.666
606,11/26/2013 0:00,176.848,152.848,0,0,ODE,928.984
608,6/20/2013 0:00,596.455,522.455,0,0,DON,459.333
609,4/5/2014 0:00,97.321,9.821,0,0,LVI,33.334
611,11/7/2013 0:00,1423.608,759.447,628.447,359.228,DON,319.8
612,11/6/2012 0:00,305.866,305.866,0,0,CHG,340.084
613,3/14/2013 0:00,70.982,70.982,0,0,DON,203.167
616,3/4/2013 0:00,873.776,518.749,300.393,1203.726,DNE,1016.7
617,4/5/2013 0:00,264.857,224.456,0,0,ODE,2068.583
618,9/25/2012 0:00,0.893,0,0,0,DON,0
619,8/26/2015 0:00,18.75,18.75,0,0,LVI,2.433
620,8/13/2015 0:00,1160.625,8.839,0,3.351,DON,721.183
621,4/15/2015 0:00,2993.922,1996.759,975.734,54.178,DON,902.816
622,4/27/2013 0:00,0,0,0,0,ODE,35.133
623,12/10/2012 0:00,1582.649,167.804,477.345,1554.037,ZPR,673.233
624,6/11/2014 0:00,678.774,186.053,224.864,39.216,DON,120.016
625,7/6/2015 0:00,110.089,71.696,25.893,0,KHR,24.95
626,7/23/2015 0:00,0.089,0,0.089,715.991,KHR,11.334
627,7/20/2015 0:00,0,0,0,0,KHR,4.117
628,8/28/2015 0:00,4.205,4.062,0.143,1995.075,KHR,0.65
629,8/15/2015 0:00,671.499,671.499,0,476.162,KHR,672.75
631,8/30/2015 0:00,7.339,0,7.339,26.86,KHR,0
632,8/16/2015 0:00,7.179,0,7.179,2242.877,KHR,0
633,8/30/2015 0:00,1.098,0.527,0.571,7.444,KHR,0.083
634,8/16/2015 0:00,801.893,761.16,8.589,981.034,KHR,207.067
635,8/27/2015 0:00,7.58,7.509,0.071,528.344,KHR,9.367
637,3/19/2013 0:00,2530.051,1159.793,1297.938,796.151,KHR,701.967
638,4/3/2014 0:00,1681.91,989.053,0,0,KHR,1340.501
639,12/28/2012 0:00,61.223,61.223,0,0,KHM,230.884
640,4/4/2015 0:00,178.594,114.116,64.478,3.546,KHR,21.734
641,3/20/2013 0:00,643.661,356.661,0,0,SUM,1408.301
643,3/26/2015 0:00,1600.724,75.446,149.384,8.296,ODE,223.133
644,4/29/2013 0:00,467.724,90.938,278.571,89.024,ODE,564.149
645,6/16/2015 0:00,0,0,0,4317.737,KIR,0
646,12/26/2012 0:00,97.563,19.884,77.679,0,KIR,19.816
647,7/16/2013 0:00,29.446,0,29.446,1.635,KIR,0
648,2/13/2013 0:00,1523.215,0,0,0.365,NIK,306.749
649,4/2/2014 0:00,1735.607,1582.259,86.098,4.117,KIR,1223.2
650,7/4/2015 0:00,400.696,132.839,0,0,NIK,192.883
651,7/8/2015 0:00,2767.438,1505.428,1045.821,388.462,NIK,150.916
652,4/30/2013 0:00,823.518,811.518,0,0,LVI,207.834
654,8/22/2014 0:00,142.741,142.741,0,0,NIK,671.433
657,3/20/2015 0:00,501.268,494.125,0,0,NIK,693.017
658,3/5/2015 0:00,739.974,27.188,1.679,0.105,NIK,4.451
660,4/27/2015 0:00,256.161,64.197,184.821,0,NIK,138.35
661,7/20/2015 0:00,1347.544,201.25,262.366,1992.409,NIK,173.65
662,6/24/2015 0:00,3258.671,612.795,1526.448,9162.22,NIK,567.167
663,6/27/2015 0:00,883.929,0,0,0,NIK,719.45
664,12/20/2014 0:00,1247.742,1211.742,0,0,NIK,250.967
665,11/12/2014 0:00,339.842,14.286,325.557,18.066,NIK,20.734
666,6/18/2015 0:00,156.919,156.696,0,0,ZPR,117.266
667,3/28/2015 0:00,632.697,178.545,423.214,0,SUM,1043.7
668,5/15/2015 0:00,269.125,0,269.125,14.938,KHR,0.567
669,11/25/2013 0:00,2192.98,2192.98,0,0,KHR,27.85
670,9/10/2013 0:00,0,0,0,0,KHR,14.433
671,2/4/2009 0:00,1522.554,935.768,0,0,KHR,1995.933
672,2/9/2010 0:00,1306.564,1306.564,0,0,KHR,680.882
673,6/10/2014 0:00,0,0,0,0,KHR,26.734
674,7/21/2014 0:00,0,0,0,0,PLT,62.617
675,5/5/2014 0:00,175.393,0,0,0,PLT,0.4
676,7/4/2014 0:00,2.893,0,2.893,0.158,ZPR,0
678,8/25/2014 0:00,712.589,317.232,1.607,0.803,DON,431.616
679,6/27/2009 0:00,261.17,261.17,0,0,DON,130.6
680,10/19/2014 0:00,143.081,143.081,0,0,DON,28.4
681,8/21/2009 0:00,286.607,233.036,0,0,KIR,19.617
682,2/22/2013 0:00,0,0,0,0,KIR,469.6
683,2/2/2013 0:00,48.678,48.678,0,0,KIR,12.166
684,6/30/2010 0:00,85.714,85.714,0,118.078,KHR,34.517
685,10/18/2014 0:00,0,0,0,0,KHR,8.917
687,12/9/2010 0:00,529.116,529.116,0,0,SUM,271.783
688,6/26/2009 0:00,3553.885,1902.037,177.742,9.891,SUM,1634.55
689,4/4/2009 0:00,1437.419,1437.419,0,0,CHG,106.45
690,6/14/2009 0:00,4843.832,2813.875,0,0,ZKP,2045.817
691,12/29/2009 0:00,814.042,8.259,805.783,74.244,ZKP,134.917
692,5/6/2014 0:00,5420.263,18.866,5187.111,3305.486,KIR,37.7
693,6/25/2015 0:00,169.705,8.58,154.875,245.761,IVF,59.8
695,6/25/2015 0:00,0,0,0,0,NIK,347.867
696,8/23/2014 0:00,0,0,0,0,NIK,98.334
697,8/27/2015 0:00,97.893,97.893,0,0,NIK,20.549
698,10/23/2013 0:00,190.973,178.473,0,0,NIK,98.067
699,10/17/2013 0:00,293.393,293.393,0,0,NIK,303.7
700,3/31/2009 0:00,73.241,73.241,0,0,NIK,213.367
701,10/16/2012 0:00,481.134,287.384,0,0,NIK,23.084
703,6/5/2015 0:00,66.349,61.339,5.01,0.288,ODE,17.783
705,4/15/2013 0:00,155.893,155.893,0,0,ODE,34.334
706,10/29/2011 0:00,507.929,219.571,266.036,14.771,KIR,108.834
707,12/26/2014 0:00,0,0,0,0,KIR,72.817
708,7/1/2007 0:00,275.589,275.589,0,0,PLT,74.966
709,12/14/2009 0:00,2037.572,1807.231,137.091,7.61,KIR,1088.201
710,2/27/2011 0:00,483.928,471.428,0,0,ZPR,209.2
711,6/22/2015 0:00,329.063,234.42,0,0,ZPR,26.134
712,8/19/2015 0:00,295.715,81.428,207.143,0,NIK,30.049
713,6/30/2014 0:00,248.192,0,199.692,11.082,DON,16.166
714,9/4/2007 0:00,4247.84,1170.214,0,0,KHM,606.166
715,8/6/2015 0:00,833.506,24.018,809.489,162.989,CHG,171.783
716,7/1/2007 0:00,2772.992,2772.992,0,0,KHR,1059.133
717,4/19/2007 0:00,358.339,345.839,0,0,KHM,329.766
718,4/27/2007 0:00,609.911,597.411,0,0,KHM,323.799
719,8/2/2007 0:00,181.089,168.5,0.089,0.005,PLT,14.317
720,4/14/2014 0:00,0,0,0,0,CHG,25.017
721,7/1/2007 0:00,604.723,551.152,0,0,KHR,175.1
722,8/30/2014 0:00,195.259,193.527,1.732,0.096,NIK,522.182
723,1/13/2014 0:00,1937.232,892.589,0,0,ODE,532.934
724,2/19/2009 0:00,473.018,381.018,0.036,0.002,PLT,59.417
725,2/21/2013 0:00,90.446,90.446,0,0,ZPR,28.033
727,3/16/2014 0:00,27.116,27.116,0,0,CHG,0.233
729,4/11/2013 0:00,348.064,326.384,21.68,1.188,ODE,452.382
730,9/16/2007 0:00,0,0,0,0,SUM,269.45
731,6/29/2014 0:00,1183.921,1119.635,0,0,KHR,1261.601
732,7/1/2007 0:00,1025.975,731.715,3.188,0.175,KHR,301.017
734,12/4/2012 0:00,6299.877,4317.948,0,0.379,ZPR,1427.067
735,3/31/2015 0:00,825.902,789.902,0,0,PLT,105.149
736,5/28/2013 0:00,1877.186,414.686,332.143,0,DON,329.099
737,9/1/2013 0:00,0,0,0,0,CHG,99.283
738,7/19/2013 0:00,0,0,0,0,KHM,2.684
739,12/20/2010 0:00,171.429,171.429,0,0,DON,302.717
740,7/1/2007 0:00,1177.635,1177.635,0,0,KHM,752.8
741,11/16/2012 0:00,2671.74,1811.027,800.892,0.011,KHM,429.017
742,3/8/2013 0:00,161.786,151.071,0,0,ZPR,185.484
744,8/9/2007 0:00,342.491,316.205,0,0,IVF,168.483
745,11/21/2007 0:00,607.107,607.107,0,0,KHR,360.116
747,5/28/2011 0:00,553.215,190.714,362.501,2.033,ZPR,96.866
748,7/1/2007 0:00,985.616,150.794,759.822,827.202,LVI,247.2
749,6/27/2014 0:00,0.697,0.625,0.072,0.004,KHR,10
750,11/8/2014 0:00,138.045,0,138.045,42.021,KHM,0
751,7/3/2007 0:00,1240.964,1178.178,0,0,NIK,797.583
752,7/1/2007 0:00,979.67,657.955,0,0,IVF,380.849
753,7/1/2007 0:00,3518.189,2562.741,700.805,562.91,KHR,956.967
754,7/22/2008 0:00,1099.209,1097.562,1.647,0.09,KHR,193.883
755,4/14/2008 0:00,377.331,205.009,0,0,KHR,88.55
757,7/1/2007 0:00,303.831,196.688,0,0,KHR,66.434
758,6/23/2014 0:00,2995.295,1319.999,6.099,0.336,KHR,181.599
759,7/1/2007 0:00,218.295,218.295,0,0,KHR,112.584
760,11/10/2007 0:00,575.741,535.562,0,0,KHR,247.817
761,2/20/2012 0:00,0,0,0,0,KHR,6.85
762,6/30/2015 0:00,334.367,17.768,159.457,8.84,PLT,11.583
763,8/20/2008 0:00,638.723,638.723,0,0,KHR,611.751
764,7/1/2007 0:00,2246.828,1668.926,526.786,357.208,PLT,516.267
765,7/1/2007 0:00,203.151,203.151,0,0,KHR,38.517
766,5/11/2015 0:00,991.268,71.696,35.643,1049.269,DON,282.717
768,7/1/2007 0:00,252.768,240.268,0,0,KHM,948.883
769,12/17/2013 0:00,78.527,47.277,0,0,KHM,17
770,7/1/2007 0:00,297.322,103.572,0,0,KHR,0
771,7/1/2007 0:00,4092.946,4092.946,0,0,KHR,173.6
772,9/18/2014 0:00,3050.481,2568.339,0,0,KHR,616.483
773,12/13/2014 0:00,0.67,0,0.67,0.037,CHG,0
774,10/11/2013 0:00,591.777,589.098,0,0,PLT,230.5
775,8/29/2014 0:00,1381.393,1381.036,0.357,0.02,KHR,477.549
776,5/25/2011 0:00,5077.259,3936.831,0.304,0.017,CHG,717.334
777,7/1/2007 0:00,1000.169,976.062,0,0,KHR,555.1
778,7/1/2007 0:00,299.115,257.347,0,0,KHR,100.784
779,7/1/2007 0:00,2435.303,1231.732,0,13.96,KIR,312
780,3/5/2011 0:00,1069.723,1069.723,0,0,KHM,97.533
781,8/5/2008 0:00,924.875,44,839.803,170.85,CHG,145.583
782,7/1/2007 0:00,7014.482,6344.839,0,0,KHR,406.5
783,7/3/2008 0:00,7808.889,7209.236,107.795,0.036,KHR,1246.117
784,7/16/2008 0:00,47.964,23.857,0,0,IVF,43.8
785,5/31/2008 0:00,0,0,0,0,ZKP,7.367
787,3/1/2010 0:00,3819.822,48.75,0,264.898,NIK,2506.2
788,8/18/2011 0:00,720.348,683.401,1.232,0.068,PLT,313.249
789,7/1/2007 0:00,324.411,274.411,0,0,IVF,295.917
790,8/16/2012 0:00,185.965,185.965,0,0,CHG,728.767
791,5/21/2013 0:00,703.454,518.633,0,0,IVF,199.284
792,9/1/2014 0:00,362.419,362.419,0,0,KHR,148.034
793,7/15/2015 0:00,1388.848,352.241,0,0,DON,1143.334
794,9/5/2008 0:00,3987.411,1856.07,725.091,1.144,DON,1141.999
795,7/7/2010 0:00,871.839,842.874,0,0,DON,390.851
796,7/24/2015 0:00,6.777,6.723,0.054,291.558,DON,31.2
797,12/9/2007 0:00,101.741,89.241,0,0,KHR,12.416
798,7/27/2011 0:00,1053.169,1035.982,0,0,CHG,235.149
800,12/22/2012 0:00,1397.027,103.572,355.955,1633.692,CHG,123.7
801,7/1/2007 0:00,1321.069,1054.998,0,0,CHG,299.533
802,7/1/2007 0:00,734.884,693.991,4.893,0.271,PLT,117.901
803,8/2/2012 0:00,109.073,59.054,3.591,0.197,CHG,37.699
804,6/26/2013 0:00,1065.867,1056.242,9.625,0.896,ZKP,1002.65
805,9/25/2014 0:00,0,0,0,0,ODE,17.717
806,7/1/2007 0:00,3586.508,454.366,0,0,IVF,445.133
807,8/12/2015 0:00,357.125,335.696,0,0,PLT,212.116
808,7/1/2007 0:00,1411.053,1311.053,0,0,SUM,399.883
810,10/10/2007 0:00,944.08,6.58,0,0,NIK,46.999
811,8/21/2015 0:00,3116.071,0,3116.071,9068.202,IVF,0
812,7/1/2007 0:00,6.563,6.33,0.232,0.013,SUM,19.983
813,7/28/2008 0:00,1274.17,336.67,0,0,KHR,394.534
814,6/21/2012 0:00,152.312,102.312,0,0,CHG,254.55
815,8/9/2010 0:00,1531.75,1531.75,0,0,ODE,264.767
816,7/1/2007 0:00,725.608,523.929,0,38.425,ODE,273.049
817,7/1/2007 0:00,1240.787,665,0,0,PLT,483.817
819,7/1/2007 0:00,314.75,314.75,0,0,KHR,22.75
820,7/1/2007 0:00,6119.668,4646.034,1237.384,593.378,KHR,539.684
822,7/17/2013 0:00,1088.464,25.893,0.071,3.448,PLT,9.184
824,7/1/2007 0:00,358.313,351.652,0.411,0.022,KHR,368.65
825,5/11/2009 0:00,974.34,290.634,683.705,37.948,KHR,540.1
826,7/23/2015 0:00,1634.473,1231.116,0,0.003,CHG,1680.634
827,10/23/2012 0:00,482.893,96.393,0,0,KHR,2783.467
829,8/15/2007 0:00,1373.089,1366.839,0,0,DON,689.884
830,8/8/2007 0:00,279,272.75,0,0,PLT,135.017
831,7/30/2008 0:00,563.348,384.776,0,0,ODE,178.533
832,6/11/2011 0:00,1447.796,905.287,510.697,329.249,CHG,279.168
833,12/29/2013 0:00,324.527,307.5,0,0,CHG,123.717
834,3/4/2007 0:00,1282.805,1263.778,0.054,0.022,ZKP,1028.567
835,8/29/2008 0:00,0,0,0,0,KHM,94.733
836,3/3/2007 0:00,1128.483,1128.483,0,0,KHM,517.149
837,11/22/2010 0:00,1647.518,1173.223,10.009,0.554,KHM,294.633
838,6/7/2013 0:00,1550.011,1063.796,486.215,131.144,ZPR,21.917
839,8/2/2007 0:00,1714.055,937.269,0,0,KHM,763.949
840,3/11/2009 0:00,0,0,0,0,KHR,17.95
841,2/16/2007 0:00,1362.821,1326.821,0,0,KHR,187.266
842,2/22/2007 0:00,1.339,1.339,0,0,KHR,0.317
843,11/3/2008 0:00,1691.196,1634.946,0,0,NIK,185.382
844,7/22/2008 0:00,0,0,0,0,ZKP,21.733
845,8/8/2014 0:00,510.143,295.858,0,0,ZKP,464.983
846,9/1/2013 0:00,0,0,0,0,LVI,7.133
847,12/29/2011 0:00,686.697,577.991,0,0,PLT,930.617
848,2/1/2008 0:00,106.509,106.509,0,0,PLT,7.417
849,12/16/2007 0:00,999.652,979.857,0,0,PLT,383.384
851,5/26/2008 0:00,542.322,499.464,0,0,PLT,390.767
852,3/12/2010 0:00,6.875,6.875,0,0,ZKP,10
853,9/27/2008 0:00,369.687,369.687,0,0,ZKP,110.433
854,12/27/2007 0:00,2260.794,2101.865,0,0,ZKP,624.866
855,8/16/2015 0:00,0,0,0,0,ZKP,0
856,4/15/2011 0:00,56.554,30.598,0.955,0.053,ZKP,13.167
857,5/10/2014 0:00,312.545,101.831,0,0,NIK,355.183
858,12/10/2007 0:00,0,0,0,0,KHM,47.35
859,7/28/2015 0:00,197.322,178.518,0.054,0.003,KHM,14.617
860,7/25/2012 0:00,2361.698,624.589,1271.037,598.448,KHM,90.15
861,1/20/2008 0:00,2269.161,2158.661,0,0,KHM,721.483
862,1/4/2008 0:00,192.75,192.75,0,0,KHM,48.583
863,2/5/2010 0:00,965.643,965.643,0,0,DON,564.583
864,4/6/2009 0:00,2228.262,1153.214,902.834,507,CHG,469.499
865,10/24/2008 0:00,1242.822,1242.429,0.393,0.021,CHG,305.751
866,8/27/2015 0:00,72.902,0,72.902,4.046,CHG,0
867,11/30/2010 0:00,1923.116,1493.652,0,0,KHM,69.083
868,10/11/2014 0:00,1016.205,715.312,0,0,KHM,29.417
869,4/13/2008 0:00,3153.969,2188.924,603.437,0.042,KIR,961.167
870,4/13/2015 0:00,265.402,265.402,0,0,KIR,36.201
872,8/28/2010 0:00,424.75,410.464,0,0,ZKP,275.101
873,5/25/2010 0:00,707.5,707.5,0,0,DON,170.7
874,1/26/2015 0:00,401.857,401.857,0,0,SUM,1065.801
876,8/18/2008 0:00,2372.857,674.25,526.786,201.957,ODE,430.783
878,4/16/2015 0:00,478.259,478.259,0,0,ZPR,106.633
879,5/7/2014 0:00,1062.5,0,0,1274.227,ZPR,96.567
880,4/17/2015 0:00,26.294,15.402,10.892,463.278,ZPR,9
881,5/9/2015 0:00,1428.135,603.393,744.385,43.063,KIR,274.449
882,6/1/2007 0:00,759.625,493.554,0,0,DON,196.899
883,7/12/2012 0:00,22.393,22.393,0,0,KHR,5.234
884,3/21/2009 0:00,1062.375,705.143,0.089,0.005,DON,257.284
885,5/31/2007 0:00,46.161,2.411,0,14.269,KHR,17.1
886,10/12/2014 0:00,961.098,856.017,0,0,SUM,216.484
887,10/20/2008 0:00,5000.304,3485.58,1256.402,69.755,ODE,926.067
888,7/13/2010 0:00,151.831,118.929,2.652,0.146,IVF,38.033
889,12/9/2011 0:00,17.33,1.473,15.857,0.88,ZPR,2.633
890,11/19/2010 0:00,303.678,303.482,0.197,0.011,PLT,345.451
891,9/25/2009 0:00,45.15,0,45.15,3.927,DON,0
892,8/21/2009 0:00,103.616,91.116,0,0,IVF,148.482
893,5/31/2015 0:00,898,892.86,0,0,DNE,159.366
894,2/8/2010 0:00,291.49,0,291.49,14.838,KHR,0
895,10/2/2009 0:00,1322.33,1322.33,0,0,ZPR,198.85
896,4/22/2010 0:00,2085.23,226.39,0,1357.146,ZPR,414.333
897,8/12/2014 0:00,0,0,0,0,ODE,0.983
898,8/24/2015 0:00,178.509,146.366,0,0,ODE,12.183
899,8/22/2009 0:00,926.169,901.151,0.018,0.001,SUM,517.016
900,3/30/2009 0:00,89.884,89.741,0.143,0.008,SUM,15.667
901,9/12/2009 0:00,1661.777,1270.625,0.018,0.001,KHM,847.65
902,10/11/2014 0:00,1330.179,379.25,914.929,808.722,KHM,1663.9
903,11/22/2014 0:00,376.215,358.804,0,0,KHM,171.15
904,9/17/2012 0:00,531.786,433.286,0,0,KHM,442.117
905,12/30/2010 0:00,624.536,575.428,0,0,KHM,46.517
906,4/7/2008 0:00,51.714,51.714,0,0,KIR,44.484
907,1/17/2014 0:00,2048.479,1846.693,0,0,KIR,819.783
908,1/19/2014 0:00,21.17,21.17,0,0,KIR,9.783
909,2/10/2014 0:00,479.081,272.813,180.875,10.041,KIR,301.767
910,6/17/2015 0:00,0,0,0,0,KIR,19.133
911,4/26/2014 0:00,1806.687,1017.831,0.071,0.004,CHG,238.049
913,10/31/2006 0:00,876.339,685.268,178.571,93.55,PLT,610.034
914,1/28/2008 0:00,1559.633,1115.741,413.641,64.463,KHR,303.316
915,9/24/2012 0:00,0,0,0,0,KHR,15.117
916,9/28/2012 0:00,1044.484,941.07,71.271,3.916,KHR,322.616
917,7/28/2015 0:00,42.071,34.928,0,0,ODE,1439.417
918,7/19/2010 0:00,493.304,492.857,0.447,0.024,ODE,652.534
919,5/28/2015 0:00,0,0,0,0,ODE,0.15
920,6/22/2013 0:00,814.152,680.223,0,0,ODE,1720.417
921,1/20/2012 0:00,89.866,89.866,0,0,IVF,32.6
922,6/25/2007 0:00,1240.973,167.759,0,1785.719,ZKP,871.966
923,4/21/2012 0:00,39.482,39.482,0,0,DON,372.65
924,6/29/2010 0:00,284.947,32.875,0,0,PLT,3.183
925,5/4/2009 0:00,976.126,951.081,13.045,0.723,IVF,226.117
926,8/20/2015 0:00,1393.607,18.607,0,4273.045,CHG,375.366
927,7/10/2014 0:00,469.295,118.402,336.608,0,CHG,60.734
928,4/24/2010 0:00,2722.048,455.42,518.581,2754.518,ZKP,2056.049
929,8/9/2014 0:00,526.786,0,526.786,1313.485,ZKP,0
930,7/10/2007 0:00,1294.192,839.536,260.906,14.387,PLT,126.4
931,7/24/2015 0:00,1483.67,1395.152,24.232,1.345,DNE,185.55
932,7/5/2008 0:00,808.92,784.92,0,0,DNE,107.35
933,6/4/2011 0:00,557.115,164.259,0,0,PLT,335.117
934,5/23/2008 0:00,1857.66,1609.16,0,0,PLT,283.6
935,12/28/2011 0:00,714.983,670.34,0,0,PLT,256.067
936,7/7/2008 0:00,999.723,999.723,0,0,PLT,198.084
937,9/22/2008 0:00,135.696,135.696,0,0,PLT,47.033
938,8/15/2012 0:00,2252.176,698.286,945.282,52.368,PLT,1091.45
939,6/28/2008 0:00,1293.527,1293.527,0,0,PLT,530.266
940,4/7/2007 0:00,795.679,795.304,0.375,0.021,KHR,126.616
941,10/15/2010 0:00,0,0,0,0,KHR,64.7
942,6/8/2007 0:00,656.206,599.063,0,0,KHR,315.767
943,4/8/2007 0:00,155.357,155.357,0,0,NIK,0.9
944,3/27/2011 0:00,1279.616,1279.616,0,0,KHM,205.767
945,2/8/2014 0:00,987.768,987.768,0,0,ODE,608.4
946,9/22/2010 0:00,472.018,472.018,0,0,SUM,322.5
947,4/21/2007 0:00,1047.323,1047.323,0,0,SUM,770.666
948,2/4/2015 0:00,1286.188,337.973,0,0,IVF,7.75
949,7/21/2012 0:00,1533.402,293.437,129.465,2773.016,ZPR,968.901
950,3/5/2015 0:00,803.328,85.464,308.364,264.81,SUM,703.267
951,2/25/2010 0:00,3972.491,126.902,1366.626,6291.11,SUM,603.634
952,10/16/2014 0:00,151.741,151.741,0,0,KHR,25.584
953,12/20/2013 0:00,2535.347,979.268,1549.829,677.474,KHR,376.251
955,12/12/2010 0:00,0,0,0,0,KHR,41.05
956,6/10/2013 0:00,109.562,109.562,0,0,ZKP,61.417
957,9/17/2007 0:00,366.286,269.857,0,0,KHM,214.317
958,2/26/2007 0:00,0,0,0,0,KHR,21.234
959,9/19/2011 0:00,1393.368,818.705,327.162,18.157,KHR,69.501
960,9/11/2007 0:00,5357.781,252,56.728,360.694,DNE,826.982
961,8/10/2013 0:00,1277.079,161.679,0,0,KHR,70.817
962,10/25/2008 0:00,2054.912,330.134,756.135,185.378,KHR,278.934
963,5/29/2007 0:00,633.714,633.714,0,0,IVF,86.384
964,9/4/2008 0:00,25,0,0,0,DNE,0
966,7/10/2010 0:00,731.822,731.822,0,0,CHG,208
967,7/1/2007 0:00,1933.813,569.902,1160.875,721.863,LVI,139.383
968,10/16/2014 0:00,4358.11,3838.91,129.63,12.094,KHR,2047.65
969,9/4/2010 0:00,118.866,118.866,0,0,KHR,26.75
970,3/11/2011 0:00,2314.7,1473.19,0,0,KHR,514.267
971,1/10/2009 0:00,626.134,626.134,0,0,KHR,104.449
973,6/10/2015 0:00,1767.857,186.152,295.706,1161.991,NIK,715.367
974,5/7/2012 0:00,1375.278,755.742,595.537,0,CHG,197.933
975,8/28/2015 0:00,608.741,216.678,124.205,501.392,DNE,80.617
976,2/22/2008 0:00,6599.54,6516.95,0,0,SUM,1164.284
977,5/6/2008 0:00,850.786,850.786,0,0,LVI,168.35
978,12/8/2010 0:00,0,0,0,0,KHR,57.767
979,9/20/2008 0:00,142.054,139.92,2.134,0.118,KHM,104.15
980,4/29/2008 0:00,892.732,886.482,0,0,ZKP,95.017
981,5/9/2008 0:00,1163.715,984.357,0,0,ZKP,146.15
982,12/31/2010 0:00,2163.922,2107.241,8.681,0.474,CHG,672.95
983,3/9/2008 0:00,1426.671,456.562,929.537,1014.776,NIK,487.433
985,7/1/2007 0:00,955.509,44.545,3.036,895.49,KHR,285.483
986,1/30/2008 0:00,263.76,263.76,0,0,SUM,145.034
987,7/9/2014 0:00,116.393,116.393,0,0,CHG,38.134
988,9/5/2012 0:00,1844.056,1071.34,517.858,0,PLT,710.368
989,8/15/2014 0:00,1396.535,402.893,0,0,CHG,1499
990,12/21/2008 0:00,282.491,246,36.491,2.024,KHR,54.134
991,10/28/2010 0:00,703.974,689.822,7.009,0.387,KHR,114.417
992,1/8/2009 0:00,1724.222,1635.829,0,0,KHR,280.917
993,2/18/2015 0:00,0,0,0,0,KHR,0.383
994,11/20/2008 0:00,3473.268,3449.268,0,0,KHR,405.25
996,8/8/2009 0:00,1584.001,267.036,0,0,KHR,64.483
997,12/29/2014 0:00,8.232,0,8.232,3.032,KHR,1.9
998,3/2/2015 0:00,452.232,85.268,0,0,KHR,225.851
999,9/17/2008 0:00,372.982,366.5,0.232,0.013,CHG,164.717
1000,8/12/2015 0:00,178.565,5.839,165.583,9.879,CHG,2.45
1002,9/10/2009 0:00,1579.839,1558.411,0,0,CHG,184.184
1003,3/1/2011 0:00,1147.099,1115.849,0,0,KHM,467.351
1004,11/18/2008 0:00,1896.038,1087.108,802.68,697.486,KHM,849.15
1005,1/9/2009 0:00,2663.44,908.125,59.707,15.57,KHM,930.6
1006,12/18/2014 0:00,1101.903,139.5,881.153,48.871,KHM,28.816
1007,1/10/2015 0:00,0,0,0,0,KHM,1.017
1009,2/14/2014 0:00,0,0,0,0,DON,312.2
1010,7/16/2009 0:00,767.08,507.946,18.062,1.002,KHM,821.316
1011,6/5/2014 0:00,24.107,0,0,0,NIK,0
1012,9/30/2014 0:00,287.67,8.036,279.635,182.955,DON,10.933
1013,11/18/2008 0:00,193.75,0,0,0,DON,0
1014,8/17/2013 0:00,1331.197,970.983,0,0,DON,266.15
1015,5/13/2015 0:00,176.431,161.25,15.181,0.839,DON,15.416
1018,7/4/2011 0:00,200.259,195.071,5.188,0.293,KIR,166.917
1019,9/20/2011 0:00,1351.205,282.455,1062.5,1004.538,KIR,529.466
1021,11/7/2009 0:00,385.215,125.5,0,0,IVF,29.4
1023,7/14/2013 0:00,160.804,160.804,0,0,CHG,81.5
1024,8/22/2015 0:00,144.821,137.679,0,0,DNE,565.7
1025,3/24/2008 0:00,734.117,734.117,0,0,PLT,331.217
1026,12/28/2008 0:00,0,0,0,0,PLT,65.883
1028,4/8/2008 0:00,6.429,6.429,0,0,ODE,1870.783
1029,6/7/2012 0:00,175.732,9.643,141.089,2527.765,ODE,4.083
1030,10/12/2008 0:00,788.403,728.403,0,0,IVF,592.717
1031,9/24/2009 0:00,886.858,645.384,241.474,13.399,IVF,134.667
1032,5/18/2015 0:00,423.518,423.518,0,0,IVF,249.051
1033,5/18/2014 0:00,934.507,0,5.936,6253.393,NIK,214.617
1034,6/7/2008 0:00,632.045,619.545,0,0,ZKP,202.784
1035,9/18/2008 0:00,882.268,877.803,0,0,ZKP,296.317
1036,8/7/2011 0:00,2137.303,2044.446,44.643,0.541,KIR,753.266
1037,3/20/2008 0:00,0,0,0,0,DON,2.933
1038,12/30/2012 0:00,2154.224,2145.295,0,212.641,DON,714.216
1039,4/16/2015 0:00,178.571,98.732,67.839,3.767,DON,272.033
1040,5/20/2015 0:00,935.09,935.09,0,0,DON,90.116
1041,7/8/2015 0:00,121.607,121.607,0,0,DON,21.2
1042,7/27/2007 0:00,114.679,114.679,0,0,ZKP,43.767
1043,7/23/2007 0:00,477.795,40.295,0,0,CHG,134.767
1044,7/19/2007 0:00,549.938,549.938,0,0,KHR,194.8
1045,12/9/2007 0:00,1461.027,1188.5,5.562,0.309,KHR,135.933
1047,7/20/2013 0:00,449.036,263.321,129.465,0,PLT,181.7
1048,8/5/2007 0:00,971.09,562.75,0.304,0.017,PLT,349.099
1049,8/30/2007 0:00,1486.286,465.973,82.813,197.075,IVF,1097.167
1050,7/31/2007 0:00,251.695,251.695,0,0,LVI,447.516
1051,4/25/2008 0:00,402.474,402.474,0,0,CHG,242.016
1052,9/22/2011 0:00,1985.144,1985.144,0,0,CHG,1572.5
1053,9/29/2008 0:00,4297.912,1185.143,1534.197,339.205,CHG,121.267
1054,5/1/2009 0:00,420.268,420.268,0,0,CHG,85.85
1055,4/29/2015 0:00,243.58,241.223,2.357,0.13,CHG,150.134
1056,8/26/2009 0:00,0,0,0,0,CHG,6.65
1057,8/13/2014 0:00,1517.438,1278.599,0,0,CHG,640.95
1058,4/22/2015 0:00,901.902,901.902,0,0,CHG,450.416
1059,1/8/2009 0:00,662.223,662.223,0,0,CHG,160.483
